Workbook

Sheet Assumptions
A1: AI Calling Agent — Capacity Planning
A2: Assumptions v1.0 · Edit yellow cells only. Mirrors Cost-Model.xlsx volume assumptions where applicable. This is the project's CANONICAL capacity baseline (see Data-Privacy/Architecture docs) — any illustrative stress-test scenario elsewhere (e.g. Scalable Production Approach §16) is explicitly labelled as non-baseline and must not be read as overriding these figures.
A4: Volume & Call Behavior
A5: Assumption | B5: Value | C5: Unit
A6: Monthly contact volume | B6: 100000 | C6: contacts
A7: Connect rate (contacts eventually connected) | B7: 0.35 | C7: % of contacts
A8: Avg connected call duration | B8: 3.5 | C8: minutes
A9: Disconnect rate (of connected calls) | B9: 0.12 | C9: % of connected calls
A10: Reconnect success rate (of disconnects) | B10: 0.7 | C10: % of disconnects
A11: Avg additional minutes per reconnected call | B11: 1.5 | C11: minutes
A12: Operating hours per day (calling window) | B12: 8 | C12: hours/day
A13: Operating days per month | B13: 22 | C13: days/month
A14: Peak-to-average concurrency factor | B14: 1.8 | C14: x avg
A16: Per-Unit Capacity
A17: Assumption | B17: Value | C17: Unit
A18: Max concurrent calls per Orchestrator pod | B18: 25 | C18: calls/pod
A19: Orchestrator pod headroom margin | B19: 0.2 | C19: % extra capacity
A20: Max dial dispatch rate per Queue Worker | B20: 5 | C20: calls/sec/worker
A21: DB connections used per service instance | B21: 10 | C21: connections
A22: Object storage write throughput per instance | B22: 50 | C22: MB/sec
A24: Storage & Growth
A25: Assumption | B25: Value | C25: Unit
A26: Avg recording size per minute of audio | B26: 1 | C26: MB/min
A27: Retention period | B27: 6 | C27: months
A28: Month-over-month volume growth rate | B28: 0.08 | C28: % growth/month
A29: Projection horizon | B29: 12 | C29: months

Sheet Capacity Calculation
A1: Capacity Sizing
A2: Live formulas referencing Assumptions. Concurrency uses Little's Law (concurrency = arrival rate x avg handling time).
A4: Call Volume & Arrival Rate
A5: Metric | B5: Value | C5: Formula reference
A6: Connected calls per month | B6: =Assumptions!B6*Assumptions!B7 | C6: Contacts x connect rate
A7: Reconnected calls per month | B7: =B6*Assumptions!B9*Assumptions!B10 | C7: Connected x disconnect rate x reconnect rate
A8: Total connected minutes per month | B8: =B6*Assumptions!B8+B7*Assumptions!B11 | C8: Base + reconnect-resumed minutes
A9: Operating hours per month | B9: =Assumptions!B12*Assumptions!B13 | C9: Hours/day x days/month
A10: Call arrival rate (calls dispatched/hour, avg) | B10: =B6/B9 | C10: Connected calls / operating hours
A11: Dial dispatch rate needed (calls/sec, avg) | B11: =Assumptions!B6/(B9*3600) | C11: Total dial attempts (approx. via contacts) / operating seconds
A13: Concurrency (Little's Law)
A14: Metric | B14: Value | C14: Formula reference
A15: Avg concurrent calls (Erlangs) | B15: =B10*(Assumptions!B8/60) | C15: Arrival rate (calls/hr) x avg handling time (hrs)
A16: Peak concurrent calls | B16: =B15*Assumptions!B14 | C16: Avg concurrency x peak-to-average factor
A18: Orchestrator Pod Sizing
A19: Metric | B19: Value | C19: Formula reference
A20: Pods required at peak (before headroom) | B20: =ROUNDUP(B16/Assumptions!B18,0) | C20: Peak concurrency / capacity per pod, rounded up
A21: Pods required (with headroom margin) | B21: =ROUNDUP(B20*(1+Assumptions!B19),0) | C21: Base pods x (1 + headroom %)
A23: Queue Worker Sizing
A24: Metric | B24: Value | C24: Formula reference
A25: Queue Workers required | B25: =ROUNDUP(B11/Assumptions!B20,0) | C25: Dispatch rate needed / throughput per worker, rounded up
A27: Database & Storage Sizing
A28: Metric | B28: Value | C28: Formula reference
A29: DB connections required (Orchestrator + Queue Workers) | B29: =(B21+B25)*Assumptions!B21 | C29: (Pods + workers) x connections/instance
A30: Monthly recording data generated (GB) | B30: =B8*Assumptions!B26/1024 | C30: Total minutes x MB/min / 1024
A31: Storage required at steady-state retention (GB) | B31: =B30*Assumptions!B27 | C31: Monthly GB x retention months
A32: Peak write throughput needed (MB/sec) | B32: =(B30*1024)/(B9*3600)*Assumptions!B14 | C32: Monthly MB / operating seconds x peak factor
A33: Storage instances required for write throughput | B33: =ROUNDUP(B32/Assumptions!B22,0) | C33: Peak throughput / throughput per instance, rounded up
A35: CURRENT-STATE CAPACITY SUMMARY
A36: Orchestrator pods needed | B36: =B21
A37: Queue Workers needed | B37: =B25
A38: DB connection pool size | B38: =B29
A39: Storage capacity needed (GB) | B39: =B31

Sheet Growth Projection
A1: 12-Month Capacity Roadmap
A2: Projects required infrastructure as monthly volume grows at the assumed month-over-month rate.
A4: Month | B4: Projected Volume | C4: Connected Calls | D4: Avg Concurrency | E4: Peak Concurrency | F4: Pods Needed | G4: Queue Workers Needed | H4: Monthly Recording GB | I4: Cumulative Storage (GB)
A5: Month 0 (baseline) | B5: =Assumptions!B6*(1+Assumptions!B28)^0 | C5: =B5*Assumptions!B7 | D5: =(C5/(Assumptions!B12*Assumptions!B13))*(Assumptions!B8/60) | E5: =D5*Assumptions!B14 | F5: =ROUNDUP((E5/Assumptions!B18)*(1+Assumptions!B19),0) | G5: =ROUNDUP((B5/((Assumptions!B12*Assumptions!B13)*3600))/Assumptions!B20,0) | H5: =(C5*Assumptions!B8*Assumptions!B26/1024) | I5: =H5
A6: Month 1 | B6: =Assumptions!B6*(1+Assumptions!B28)^1 | C6: =B6*Assumptions!B7 | D6: =(C6/(Assumptions!B12*Assumptions!B13))*(Assumptions!B8/60) | E6: =D6*Assumptions!B14 | F6: =ROUNDUP((E6/Assumptions!B18)*(1+Assumptions!B19),0) | G6: =ROUNDUP((B6/((Assumptions!B12*Assumptions!B13)*3600))/Assumptions!B20,0) | H6: =(C6*Assumptions!B8*Assumptions!B26/1024) | I6: =I5+H6
A7: Month 2 | B7: =Assumptions!B6*(1+Assumptions!B28)^2 | C7: =B7*Assumptions!B7 | D7: =(C7/(Assumptions!B12*Assumptions!B13))*(Assumptions!B8/60) | E7: =D7*Assumptions!B14 | F7: =ROUNDUP((E7/Assumptions!B18)*(1+Assumptions!B19),0) | G7: =ROUNDUP((B7/((Assumptions!B12*Assumptions!B13)*3600))/Assumptions!B20,0) | H7: =(C7*Assumptions!B8*Assumptions!B26/1024) | I7: =I6+H7
A8: Month 3 | B8: =Assumptions!B6*(1+Assumptions!B28)^3 | C8: =B8*Assumptions!B7 | D8: =(C8/(Assumptions!B12*Assumptions!B13))*(Assumptions!B8/60) | E8: =D8*Assumptions!B14 | F8: =ROUNDUP((E8/Assumptions!B18)*(1+Assumptions!B19),0) | G8: =ROUNDUP((B8/((Assumptions!B12*Assumptions!B13)*3600))/Assumptions!B20,0) | H8: =(C8*Assumptions!B8*Assumptions!B26/1024) | I8: =I7+H8
A9: Month 4 | B9: =Assumptions!B6*(1+Assumptions!B28)^4 | C9: =B9*Assumptions!B7 | D9: =(C9/(Assumptions!B12*Assumptions!B13))*(Assumptions!B8/60) | E9: =D9*Assumptions!B14 | F9: =ROUNDUP((E9/Assumptions!B18)*(1+Assumptions!B19),0) | G9: =ROUNDUP((B9/((Assumptions!B12*Assumptions!B13)*3600))/Assumptions!B20,0) | H9: =(C9*Assumptions!B8*Assumptions!B26/1024) | I9: =I8+H9
A10: Month 5 | B10: =Assumptions!B6*(1+Assumptions!B28)^5 | C10: =B10*Assumptions!B7 | D10: =(C10/(Assumptions!B12*Assumptions!B13))*(Assumptions!B8/60) | E10: =D10*Assumptions!B14 | F10: =ROUNDUP((E10/Assumptions!B18)*(1+Assumptions!B19),0) | G10: =ROUNDUP((B10/((Assumptions!B12*Assumptions!B13)*3600))/Assumptions!B20,0) | H10: =(C10*Assumptions!B8*Assumptions!B26/1024) | I10: =I9+H10
A11: Month 6 | B11: =Assumptions!B6*(1+Assumptions!B28)^6 | C11: =B11*Assumptions!B7 | D11: =(C11/(Assumptions!B12*Assumptions!B13))*(Assumptions!B8/60) | E11: =D11*Assumptions!B14 | F11: =ROUNDUP((E11/Assumptions!B18)*(1+Assumptions!B19),0) | G11: =ROUNDUP((B11/((Assumptions!B12*Assumptions!B13)*3600))/Assumptions!B20,0) | H11: =(C11*Assumptions!B8*Assumptions!B26/1024) | I11: =I10+H11
A12: Month 7 | B12: =Assumptions!B6*(1+Assumptions!B28)^7 | C12: =B12*Assumptions!B7 | D12: =(C12/(Assumptions!B12*Assumptions!B13))*(Assumptions!B8/60) | E12: =D12*Assumptions!B14 | F12: =ROUNDUP((E12/Assumptions!B18)*(1+Assumptions!B19),0) | G12: =ROUNDUP((B12/((Assumptions!B12*Assumptions!B13)*3600))/Assumptions!B20,0) | H12: =(C12*Assumptions!B8*Assumptions!B26/1024) | I12: =I11+H12
A13: Month 8 | B13: =Assumptions!B6*(1+Assumptions!B28)^8 | C13: =B13*Assumptions!B7 | D13: =(C13/(Assumptions!B12*Assumptions!B13))*(Assumptions!B8/60) | E13: =D13*Assumptions!B14 | F13: =ROUNDUP((E13/Assumptions!B18)*(1+Assumptions!B19),0) | G13: =ROUNDUP((B13/((Assumptions!B12*Assumptions!B13)*3600))/Assumptions!B20,0) | H13: =(C13*Assumptions!B8*Assumptions!B26/1024) | I13: =I12+H13
A14: Month 9 | B14: =Assumptions!B6*(1+Assumptions!B28)^9 | C14: =B14*Assumptions!B7 | D14: =(C14/(Assumptions!B12*Assumptions!B13))*(Assumptions!B8/60) | E14: =D14*Assumptions!B14 | F14: =ROUNDUP((E14/Assumptions!B18)*(1+Assumptions!B19),0) | G14: =ROUNDUP((B14/((Assumptions!B12*Assumptions!B13)*3600))/Assumptions!B20,0) | H14: =(C14*Assumptions!B8*Assumptions!B26/1024) | I14: =I13+H14
A15: Month 10 | B15: =Assumptions!B6*(1+Assumptions!B28)^10 | C15: =B15*Assumptions!B7 | D15: =(C15/(Assumptions!B12*Assumptions!B13))*(Assumptions!B8/60) | E15: =D15*Assumptions!B14 | F15: =ROUNDUP((E15/Assumptions!B18)*(1+Assumptions!B19),0) | G15: =ROUNDUP((B15/((Assumptions!B12*Assumptions!B13)*3600))/Assumptions!B20,0) | H15: =(C15*Assumptions!B8*Assumptions!B26/1024) | I15: =I14+H15
A16: Month 11 | B16: =Assumptions!B6*(1+Assumptions!B28)^11 | C16: =B16*Assumptions!B7 | D16: =(C16/(Assumptions!B12*Assumptions!B13))*(Assumptions!B8/60) | E16: =D16*Assumptions!B14 | F16: =ROUNDUP((E16/Assumptions!B18)*(1+Assumptions!B19),0) | G16: =ROUNDUP((B16/((Assumptions!B12*Assumptions!B13)*3600))/Assumptions!B20,0) | H16: =(C16*Assumptions!B8*Assumptions!B26/1024) | I16: =I15+H16
A17: Month 12 | B17: =Assumptions!B6*(1+Assumptions!B28)^12 | C17: =B17*Assumptions!B7 | D17: =(C17/(Assumptions!B12*Assumptions!B13))*(Assumptions!B8/60) | E17: =D17*Assumptions!B14 | F17: =ROUNDUP((E17/Assumptions!B18)*(1+Assumptions!B19),0) | G17: =ROUNDUP((B17/((Assumptions!B12*Assumptions!B13)*3600))/Assumptions!B20,0) | H17: =(C17*Assumptions!B8*Assumptions!B26/1024) | I17: =I16+H17
A19: Note: cumulative storage here reflects total data generated since Month 0 for roadmap visibility. Actual steady-state storage held at any time is capped by the retention period (Assumptions — Retention period), per Capacity Calculation sheet's steady-state figure.
