Workbook

Sheet Assumptions
A1: AI Calling Agent — Cost Model
A2: Assumptions · v1.0 · All costs in USD unless noted. Edit yellow cells only. This is the project's CANONICAL capacity baseline (see Data-Privacy/Architecture docs) — any illustrative stress-test scenario elsewhere (e.g. Scalable Production Approach §16) is explicitly labelled as non-baseline and must not be read as overriding these figures.
A4: Volume & Call Behavior
A5: Assumption | B5: Value | C5: Unit
A6: Monthly contact volume | B6: 100000 | C6: contacts
A7: Avg dial attempts per contact (incl. retries) | B7: 1.4 | C7: attempts
A8: Connect rate (contacts eventually connected) | B8: 0.35 | C8: % of contacts
A9: Avg connected call duration | B9: 3.5 | C9: minutes
A10: Disconnect rate (of connected calls) | B10: 0.12 | C10: % of connected calls
A11: Reconnect success rate (of disconnects) | B11: 0.7 | C11: % of disconnects
A12: Avg additional minutes per reconnected call | B12: 1.5 | C12: minutes
A13: Qualified+ lead rate (of connected calls) | B13: 0.3 | C13: % of connected calls
A15: Unit Costs — Telephony & AI Services
A16: Assumption | B16: Value | C16: Unit
A17: Telephony cost per connected minute | B17: 0.012 | C17: $/min
A18: Telephony cost per failed dial attempt (ring time) | B18: 0.002 | C18: $/attempt
A19: Speech-to-text cost per minute | B19: 0.006 | C19: $/min
A20: Language model cost per minute of conversation | B20: 0.02 | C20: $/min
A21: Post-call analysis cost per call (flat, LLM-based) | B21: 0.01 | C21: $/call
A22: Text-to-speech cost per minute | B22: 0.008 | C22: $/min
A24: Infrastructure & Storage
A25: Assumption | B25: Value | C25: Unit
A26: Orchestrator compute cost per call-hour | B26: 0.9 | C26: $/call-hour
A27: Recording storage cost per GB-month | B27: 0.02 | C27: $/GB-month
A28: Avg recording size per minute of audio | B28: 1 | C28: MB/min
A29: Recording/transcript retention period | B29: 6 | C29: months
A30: Platform overhead (data layer, dashboard, misc.) | B30: 0.08 | C30: % of subtotal

Sheet Cost Calculation
A1: Monthly Cost Calculation
A2: All formulas reference the Assumptions sheet — change assumptions there, this sheet recalculates.
A4: Call Volume Derivation
A5: Metric | B5: Value | C5: Formula reference
A6: Total dial attempts | B6: =Assumptions!B6*Assumptions!B7 | C6: Contacts x avg attempts/contact
A7: Connected calls | B7: =Assumptions!B6*Assumptions!B8 | C7: Contacts x connect rate
A8: Failed dial attempts | B8: =B6-B7 | C8: Total attempts - connected calls
A9: Disconnected calls (mid-conversation) | B9: =B7*Assumptions!B10 | C9: Connected calls x disconnect rate
A10: Successfully reconnected calls | B10: =B9*Assumptions!B11 | C10: Disconnected x reconnect success rate
A11: Estimated qualified+ leads | B11: =B7*Assumptions!B13 | C11: Connected calls x qualified+ rate
A13: Conversation Minutes
A14: Metric | B14: Value | C14: Formula reference
A15: Base conversation minutes | B15: =B7*Assumptions!B9 | C15: Connected calls x avg duration
A16: Reconnect-resumed minutes | B16: =B10*Assumptions!B12 | C16: Reconnected calls x avg extra minutes
A17: Total conversation minutes | B17: =B15+B16 | C17: Base + reconnect-resumed minutes
A19: Monthly Cost by Category
A20: Cost category | B20: Monthly cost ($) | C20: Formula reference
A21: Telephony - connected minutes | B21: =B17*Assumptions!B17 | C21: Total minutes x telephony $/min
A22: Telephony - failed dial attempts | B22: =B8*Assumptions!B18 | C22: Failed attempts x $/attempt
A23: Speech-to-text | B23: =B17*Assumptions!B19 | C23: Total minutes x STT $/min
A24: Language model - conversation | B24: =B17*Assumptions!B20 | C24: Total minutes x LLM $/min
A25: Language model - post-call analysis | B25: =B7*Assumptions!B21 | C25: Connected calls x analysis $/call
A26: Text-to-speech | B26: =B17*Assumptions!B22 | C26: Total minutes x TTS $/min
A27: Orchestrator compute | B27: =(B17/60)*Assumptions!B26 | C27: Total call-hours x compute $/call-hour
A28: Recording storage (this month's cohort, full retention) | B28: =(B17*Assumptions!B28/1024)*Assumptions!B27*Assumptions!B29 | C28: GB generated x $/GB-month x retention months
A30: Subtotal (before overhead) | B30: =SUM(B21:B28)
A31: Platform overhead | B31: =B30*Assumptions!B30 | C31: Subtotal x overhead %
A32: TOTAL MONTHLY COST | B32: =B30+B31
A34: Unit Economics
A35: Metric | B35: Value | C35: Formula reference
A36: Cost per contact (all contacts) | B36: =B32/Assumptions!B6 | C36: Total cost / monthly contacts
A37: Cost per connected call | B37: =B32/B7 | C37: Total cost / connected calls
A38: Cost per qualified+ lead | B38: =B32/B11 | C38: Total cost / estimated qualified+ leads

Sheet Sensitivity
A1: Sensitivity Analysis
A2: Each row recomputes the full model at a different volume or connect rate, holding all other Assumptions fixed.
A4: Scenario 1 - Monthly Contact Volume
A5: Volume | B5: Connected Calls | C5: Total Minutes | D5: Telephony+STT+TTS ($) | E5: LLM ($) | F5: Compute+Storage ($) | G5: Total Cost ($) | H5: Cost / Qualified Lead ($)
A6: 50000 | B6: =A6*Assumptions!B8 | C6: =B6*Assumptions!B9+B6*Assumptions!B10*Assumptions!B11*Assumptions!B12 | D6: =C6*(Assumptions!B17+Assumptions!B19+Assumptions!B22)+(A6*Assumptions!B7-B6)*Assumptions!B18 | E6: =C6*Assumptions!B20+B6*Assumptions!B21 | F6: =(C6/60)*Assumptions!B26+(C6*Assumptions!B28/1024)*Assumptions!B27*Assumptions!B29 | G6: =(D6+E6+F6)*(1+Assumptions!B30) | H6: =G6/(B6*Assumptions!B13)
A7: 100000 | B7: =A7*Assumptions!B8 | C7: =B7*Assumptions!B9+B7*Assumptions!B10*Assumptions!B11*Assumptions!B12 | D7: =C7*(Assumptions!B17+Assumptions!B19+Assumptions!B22)+(A7*Assumptions!B7-B7)*Assumptions!B18 | E7: =C7*Assumptions!B20+B7*Assumptions!B21 | F7: =(C7/60)*Assumptions!B26+(C7*Assumptions!B28/1024)*Assumptions!B27*Assumptions!B29 | G7: =(D7+E7+F7)*(1+Assumptions!B30) | H7: =G7/(B7*Assumptions!B13)
A8: 200000 | B8: =A8*Assumptions!B8 | C8: =B8*Assumptions!B9+B8*Assumptions!B10*Assumptions!B11*Assumptions!B12 | D8: =C8*(Assumptions!B17+Assumptions!B19+Assumptions!B22)+(A8*Assumptions!B7-B8)*Assumptions!B18 | E8: =C8*Assumptions!B20+B8*Assumptions!B21 | F8: =(C8/60)*Assumptions!B26+(C8*Assumptions!B28/1024)*Assumptions!B27*Assumptions!B29 | G8: =(D8+E8+F8)*(1+Assumptions!B30) | H8: =G8/(B8*Assumptions!B13)
A9: 500000 | B9: =A9*Assumptions!B8 | C9: =B9*Assumptions!B9+B9*Assumptions!B10*Assumptions!B11*Assumptions!B12 | D9: =C9*(Assumptions!B17+Assumptions!B19+Assumptions!B22)+(A9*Assumptions!B7-B9)*Assumptions!B18 | E9: =C9*Assumptions!B20+B9*Assumptions!B21 | F9: =(C9/60)*Assumptions!B26+(C9*Assumptions!B28/1024)*Assumptions!B27*Assumptions!B29 | G9: =(D9+E9+F9)*(1+Assumptions!B30) | H9: =G9/(B9*Assumptions!B13)
A12: Scenario 2 - Connect Rate (Volume fixed at 100,000)
A13: Connect Rate | B13: Connected Calls | C13: Total Minutes | D13: Telephony+STT+TTS ($) | E13: LLM ($) | F13: Compute+Storage ($) | G13: Total Cost ($) | H13: Cost / Qualified Lead ($)
A14: 0.25 | B14: =100000*A14 | C14: =B14*Assumptions!B9+B14*Assumptions!B10*Assumptions!B11*Assumptions!B12 | D14: =C14*(Assumptions!B17+Assumptions!B19+Assumptions!B22)+(100000*Assumptions!B7-B14)*Assumptions!B18 | E14: =C14*Assumptions!B20+B14*Assumptions!B21 | F14: =(C14/60)*Assumptions!B26+(C14*Assumptions!B28/1024)*Assumptions!B27*Assumptions!B29 | G14: =(D14+E14+F14)*(1+Assumptions!B30) | H14: =G14/(B14*Assumptions!B13)
A15: 0.35 | B15: =100000*A15 | C15: =B15*Assumptions!B9+B15*Assumptions!B10*Assumptions!B11*Assumptions!B12 | D15: =C15*(Assumptions!B17+Assumptions!B19+Assumptions!B22)+(100000*Assumptions!B7-B15)*Assumptions!B18 | E15: =C15*Assumptions!B20+B15*Assumptions!B21 | F15: =(C15/60)*Assumptions!B26+(C15*Assumptions!B28/1024)*Assumptions!B27*Assumptions!B29 | G15: =(D15+E15+F15)*(1+Assumptions!B30) | H15: =G15/(B15*Assumptions!B13)
A16: 0.45 | B16: =100000*A16 | C16: =B16*Assumptions!B9+B16*Assumptions!B10*Assumptions!B11*Assumptions!B12 | D16: =C16*(Assumptions!B17+Assumptions!B19+Assumptions!B22)+(100000*Assumptions!B7-B16)*Assumptions!B18 | E16: =C16*Assumptions!B20+B16*Assumptions!B21 | F16: =(C16/60)*Assumptions!B26+(C16*Assumptions!B28/1024)*Assumptions!B27*Assumptions!B29 | G16: =(D16+E16+F16)*(1+Assumptions!B30) | H16: =G16/(B16*Assumptions!B13)
A17: 0.55 | B17: =100000*A17 | C17: =B17*Assumptions!B9+B17*Assumptions!B10*Assumptions!B11*Assumptions!B12 | D17: =C17*(Assumptions!B17+Assumptions!B19+Assumptions!B22)+(100000*Assumptions!B7-B17)*Assumptions!B18 | E17: =C17*Assumptions!B20+B17*Assumptions!B21 | F17: =(C17/60)*Assumptions!B26+(C17*Assumptions!B28/1024)*Assumptions!B27*Assumptions!B29 | G17: =(D17+E17+F17)*(1+Assumptions!B30) | H17: =G17/(B17*Assumptions!B13)
